{"cameraMode":{"drawMode":0,"name":"Shaded","section":"Shading Mode"},"sceneLighting":true,"audioPlay":false,"sceneViewState":{"m_AlwaysRefresh":false,"showFog":true,"showSkybox":true,"showFlares":true,"showImageEffects":true,"showParticleSystems":true,"showVisualEffectGraphs":true,"m_FxEnabled":true},"in2DMode":false,"pivot":{"x":-15.285394668579102,"y":-10.447650909423829,"z":14.481903076171875},"rotation":{"x":0.002914869925007224,"y":0.9972835779190064,"z":-0.05270876735448837,"w":0.052718523889780048},"size":6.432352542877197,"orthographic":false}